,Username,Place,Peak Rating,Wins,Wins in first 25,Counted Wins,Core Rare,Core Epic,Core Legendary,Trial Rare,Trial Epic,Trial Legendary,,
Elite Tier,[tst]cautionfun,1,1526.325824,30,,23,0,0,2,0,0,3,,"""Counted wins"" are either the total number of wins a player earned, or their maximum allowed for prizes based on the rank they had at the end of their 25th game during the event."
Leaderboard,DiegoFerreL,2,1543.183808,71,,22,0,0,2,0,1,2,,
,[Mythic] Ducky,3,1509.268864,38,,21,0,0,2,0,0,2,,
,Charles Utkins,4,1478.072832,49,,21,0,1,1,0,0,2,,
,nshrd,5,1453.703296,31,,21,0,0,1,0,0,2,,
,[tst]themudman,6,1499.61152,30,,20,0,0,1,0,1,1,,
,SpaceCoastKook,7,1470.015648,40,,20,0,0,1,0,0,1,,
,[tst]bonkthatbutt,8,1485.00128,19,,19,0,0,0,0,1,1,,
,Apollo,9,1476.626368,19,,19,0,1,0,0,0,1,,
,jama,10,1472.952288,30,,19,0,0,0,0,0,1,,
,,,,,,,,,,,,,,
,Username,,Rank,Wins,Wins in first 25,Counted Wins,Core Rare,Core Epic,Core Legendary,Trial Rare,Trial Epic,Trial Legendary,,
,[tst]cautionfun,,12,30,23,23,0,0,3,2,0,2,,
,DiegoFerreL,,12,71,22,22,0,0,3,1,0,2,,
,Wezz,,11,30,21,21,0,0,2,1,2,1,,
,Charles Utkins,,12,49,21,21,0,0,2,1,2,1,,
Complete,[Mythic] Ducky,,12,38,21,21,0,0,2,1,2,1,,
Weekend,nshrd,,12,31,21,21,0,0,2,1,2,1,,
Ranked,SpaceCoastKook,,12,40,20,20,0,1,1,2,1,1,,
(Includes,[tst]themudman,,12,30,20,20,0,1,1,2,1,1,,
Bonus Prizes,carebear,,11,30,20,20,0,1,1,2,1,1,,
for 30 Wins),Moonpig,,10,32,19,19,0,2,1,1,2,0,,
,z3ll,,12,19,19,19,0,2,1,0,2,0,,
,rl958,,12,24,19,19,0,2,1,0,2,0,,
,jama,,12,30,19,19,0,2,1,1,2,0,,
,Apollo,,12,19,19,19,0,2,1,0,2,0,,
,V-Hirvi,,12,46,19,19,0,2,1,1,2,0,,
,Lysander,,12,34,19,19,0,2,1,1,2,0,,
,–ì—Ä—É–º–≤–æ–ª,,12,19,19,19,0,2,1,0,2,0,,
,Shibanqk,,12,33,19,19,0,2,1,1,2,0,,
,[tst]bonkthatbutt,,12,19,19,19,0,2,1,0,2,0,,
,[Mythic] Unchained,,12,34,19,19,0,2,1,1,2,0,,
,Nagibator777,,9,30,20,18,0,3,0,1,2,0,,
,Isildur,,9,30,20,18,0,3,0,1,2,0,,
,PleaseDontRopeMe,,9,35,19,18,0,3,0,1,2,0,,
,flex13,,12,32,18,18,0,3,0,1,2,0,,
,RedDeath,,10,18,18,18,0,3,0,0,2,0,,
,Mirage88,,12,49,18,18,0,3,0,1,2,0,,
,Sir Tango,,12,22,18,18,0,3,0,0,2,0,,
,Gandharva,,12,30,18,18,0,3,0,1,2,0,,
,SniffOnMe,,11,21,18,18,0,3,0,0,2,0,,
,verbalshadow,,11,20,18,18,0,3,0,0,2,0,,
,Krumpy Lumpkins,,12,35,18,18,0,3,0,1,2,0,,
,‰∏âÂçÅ‰πù,,11,18,18,18,0,3,0,0,2,0,,
,GUDecks.com,,12,34,18,18,0,3,0,1,2,0,,
,Kosgameslp,,9,18,18,18,0,3,0,0,2,0,,
,Surface2AirMissle,,8,19,19,17,1,2,0,0,2,0,,
,Nininiao,,8,19,18,17,1,2,0,0,2,0,,
,Fantomasek,,11,37,17,17,1,2,0,1,2,0,,
,Godamnitleeroy,,12,34,17,17,1,2,0,1,2,0,,
,WalkThisWay,,11,17,17,17,1,2,0,0,2,0,,
,Manymany,,8,42,17,17,1,2,0,1,2,0,,
,zlaxor,,12,25,17,17,1,2,0,0,2,0,,
,n!ghtl!ght,,8,22,17,17,1,2,0,0,2,0,,
,Starboy,,9,29,17,17,1,2,0,0,2,0,,
,JoltzNinja,,11,34,17,17,1,2,0,1,2,0,,
,ÿß⁄©Ÿà€åŸπÿß,,11,31,17,17,1,2,0,1,2,0,,
,ZENIMOON,,9,20,17,17,1,2,0,0,2,0,,
,KceoLine,,8,31,17,17,1,2,0,1,2,0,,
,BasVanSpanker,,8,22,17,17,1,2,0,0,2,0,,
,Yompster,,8,28,17,17,1,2,0,0,2,0,,
,mike0182,,11,22,17,17,1,2,0,0,2,0,,
,–Ω–æ–≥–æ–æ–Ω–∑–∞–ª—É—É,,12,30,17,17,1,2,0,1,2,0,,
,Lilac,,12,17,17,17,1,2,0,0,2,0,,
,TheNachoSamurai,,12,42,17,17,1,2,0,1,2,0,,
,The38th,,12,42,17,17,1,2,0,1,2,0,,
,ozimodan,,12,18,17,17,1,2,0,0,2,0,,
,Wades.ETH,,12,51,17,17,1,2,0,1,2,0,,
,Scuffle,,12,20,17,17,1,2,0,0,2,0,,
,TREY,,12,31,17,17,1,2,0,1,2,0,,
,monStar,,12,17,17,17,1,2,0,0,2,0,,
,krashnovr,,10,17,17,17,1,2,0,0,2,0,,
,chaoren,,12,44,17,17,1,2,0,1,2,0,,
,RavenGuard,,12,30,17,17,1,2,0,1,2,0,,
,gothmaug,,11,18,17,17,1,2,0,0,2,0,,
,Ayo,,12,19,17,17,1,2,0,0,2,0,,
,Aragon,,12,33,17,17,1,2,0,1,2,0,,
,trent_reznor,,7,28,19,16,0,3,0,1,1,0,,
,Thirdman,,7,30,18,16,0,3,0,2,1,0,,
,‚åÄ,,7,18,18,16,0,3,0,1,1,0,,
,JohnTravolta,,7,17,17,16,0,3,0,1,1,0,,
,fluffyhag,,7,21,17,16,0,3,0,1,1,0,,
,Dallas_barr,,12,16,16,16,0,3,0,1,1,0,,
,Longy,,12,33,16,16,0,3,0,2,1,0,,
,ghostrestaurantlab_inago,,7,16,16,16,0,3,0,1,1,0,,
,galdames2,,7,16,16,16,0,3,0,1,1,0,,
,Naio,,8,20,16,16,0,3,0,1,1,0,,
,bkositzke,,11,27,16,16,0,3,0,1,1,0,,
,Ëá™ÁÑ∂,,12,34,16,16,0,3,0,2,1,0,,
,[tst] Freedan,,12,30,16,16,0,3,0,2,1,0,,
,Sparkyknight,,7,16,16,16,0,3,0,1,1,0,,
,Mr_Zinger,,8,16,16,16,0,3,0,1,1,0,,
,Androssi,,10,16,16,16,0,3,0,1,1,0,,
,Elyon,,11,19,16,16,0,3,0,1,1,0,,
,stoeckro,,8,16,16,16,0,3,0,1,1,0,,
,amin,,10,23,16,16,0,3,0,1,1,0,,
,[Mythic] GGian,,12,31,16,16,0,3,0,2,1,0,,
,È≠îjunior,,12,16,16,16,0,3,0,1,1,0,,
,Lucifer,,12,17,16,16,0,3,0,1,1,0,,
,√∏,,12,16,16,16,0,3,0,1,1,0,,
,athlee,,8,16,16,16,0,3,0,1,1,0,,
,Aadi1912,,7,36,16,16,0,3,0,2,1,0,,
,Stede,,11,16,16,16,0,3,0,1,1,0,,
,„ÅÆ„Çì„Å°„ÇÉ„Çì,,12,37,16,16,0,3,0,2,1,0,,
,[Mythic] Dragonstorm,,12,32,16,16,0,3,0,2,1,0,,
,·ºåœÅŒ∑œÇ,,12,16,16,16,0,3,0,1,1,0,,
,√û,,11,16,16,16,0,3,0,1,1,0,,
,eddie murphy,,8,22,16,16,0,3,0,1,1,0,,
,CopperPitch,,12,30,16,16,0,3,0,2,1,0,,
,cryptoznewb,,11,19,16,16,0,3,0,1,1,0,,
,maulotov,,12,20,16,16,0,3,0,1,1,0,,
,FoxCries,,12,25,16,16,0,3,0,1,1,0,,
,benyasu,,12,16,16,16,0,3,0,1,1,0,,
,SonGokuBg,,9,16,16,16,0,3,0,1,1,0,,
,jackow80,,8,31,16,16,0,3,0,2,1,0,,
,gou,,12,18,16,16,0,3,0,1,1,0,,
,Bozie,,5,22,20,15,1,2,0,2,0,0,,
,Zweinhander,,5,17,17,15,1,2,0,2,0,0,,
,deadboy666,,6,34,17,15,1,2,0,3,0,0,,
,wadamaruz,,6,22,16,15,1,2,0,2,0,0,,
,TheFireWithin,,5,43,16,15,1,2,0,3,0,0,,
,POOKIDS420,,7,24,15,15,1,2,0,2,0,0,,
,sparky,,10,33,15,15,1,2,0,3,0,0,,
,AMRLordCoins,,7,19,15,15,1,2,0,2,0,0,,
,X √Ü A-12,,7,17,15,15,1,2,0,2,0,0,,
,Akilsainon,,12,15,15,15,1,2,0,2,0,0,,
,eMeS,,8,19,15,15,1,2,0,2,0,0,,
,cambocleve,,9,15,15,15,1,2,0,2,0,0,,
,o-o,,5,20,15,15,1,2,0,2,0,0,,
,ArzrA,,9,15,15,15,1,2,0,2,0,0,,
,Ckastigador,,12,19,15,15,1,2,0,2,0,0,,
,k2h,,12,15,15,15,1,2,0,2,0,0,,
,‚ô™‚ô™‚ô™‚ô™‚ô™,,9,17,15,15,1,2,0,2,0,0,,
,John McClane,,12,15,15,15,1,2,0,2,0,0,,
,Noshlarr,,10,15,15,15,1,2,0,2,0,0,,
,ZEALOT,,10,18,15,15,1,2,0,2,0,0,,
,Swen 122,,5,15,15,15,1,2,0,2,0,0,,
,swimlane72,,9,23,15,15,1,2,0,2,0,0,,
,ü¶Å,,12,21,15,15,1,2,0,2,0,0,,
,stevecronin,,7,17,15,15,1,2,0,2,0,0,,
,LetMeLive,,12,16,15,15,1,2,0,2,0,0,,
,bacoor  hbwallet,,7,15,15,15,1,2,0,2,0,0,,
,„ÅÆ„Çì„Å°„ÇÉ„Çì,,12,15,15,15,1,2,0,2,0,0,,
,MrMousey,,7,15,15,15,1,2,0,2,0,0,,
,DestrucTorT,,9,32,14,14,1,2,0,3,0,0,,
,[IRIS]Yusakman,,8,16,14,14,1,2,0,2,0,0,,
,dobindubas,,6,18,14,14,1,2,0,2,0,0,,
,zomsie,,7,14,14,14,1,2,0,2,0,0,,
,Ares,,9,33,14,14,1,2,0,3,0,0,,
,Bielobog,,5,15,14,14,1,2,0,2,0,0,,
,PooNaniHunter,,9,14,14,14,1,2,0,2,0,0,,
,Resonator,,12,16,14,14,1,2,0,2,0,0,,
,7figurecrypto.com,,6,14,14,14,1,2,0,2,0,0,,
,TenTon01,,5,15,14,14,1,2,0,2,0,0,,
,Dragonlord626,,5,14,14,14,1,2,0,2,0,0,,
,NAGIBATOR,,9,17,14,14,1,2,0,2,0,0,,
,¬£,,9,20,14,14,1,2,0,2,0,0,,
,CuCu99,,8,31,14,14,1,2,0,3,0,0,,
,finansisn,,9,16,14,14,1,2,0,2,0,0,,
,[Mythic] revan,,12,15,14,14,1,2,0,2,0,0,,
,UnjustOne,,11,27,14,14,1,2,0,2,0,0,,
,mamont123,,9,14,14,14,1,2,0,2,0,0,,
,Jayshawn,,8,14,14,14,1,2,0,2,0,0,,
,Veloth,,12,14,14,14,1,2,0,2,0,0,,
,Oshay,,8,14,14,14,1,2,0,2,0,0,,
,restb777,,8,23,14,14,1,2,0,2,0,0,,
,TerribleJIexa,,10,38,14,14,1,2,0,3,0,0,,
,Waikikamukau,,12,38,14,14,1,2,0,3,0,0,,
,Marigoth,,9,15,14,14,1,2,0,2,0,0,,
,Excidium,,8,42,14,14,1,2,0,3,0,0,,
,OverM,,11,31,14,14,1,2,0,3,0,0,,
,JohnWick,,12,16,14,14,1,2,0,2,0,0,,
,blacksad,,9,14,14,14,1,2,0,2,0,0,,
,Oxn,,7,31,14,14,1,2,0,3,0,0,,
,__Razen__,,8,14,14,14,1,2,0,2,0,0,,
,AlienWeapon,,9,14,14,14,1,2,0,2,0,0,,
,kovanova,,7,16,14,14,1,2,0,2,0,0,,
,gohm,,11,16,14,14,1,2,0,2,0,0,,
,„Åè„Çä„Åè„Çä„Å∑„Å®„Å∑„Å®,,11,14,14,14,1,2,0,2,0,0,,
,Isildur1,,9,14,14,14,1,2,0,2,0,0,,
,DRASTICxOUTLAW,,8,18,14,14,1,2,0,2,0,0,,
,Zhiga,,8,18,14,14,1,2,0,2,0,0,,
,Djonbol1,,8,32,14,14,1,2,0,3,0,0,,
,‚úúCryptoDoC‚úú,,12,46,14,14,1,2,0,3,0,0,,
,Slackov,,11,18,14,14,1,2,0,2,0,0,,
,shadowstrike42,,5,15,14,14,1,2,0,2,0,0,,
,‚ò≠,,8,14,14,14,1,2,0,2,0,0,,
,MaxMatheus,,8,16,14,14,1,2,0,2,0,0,,
,Sapien Jon,,7,19,14,14,1,2,0,2,0,0,,
,quokku,,10,15,14,14,1,2,0,2,0,0,,
,Dikarb89,,7,14,14,14,1,2,0,2,0,0,,
,Blank Never Loses,,12,23,14,14,1,2,0,2,0,0,,
,¬≤,,9,14,14,14,1,2,0,2,0,0,,
,Kselsi,,8,14,14,14,1,2,0,2,0,0,,
,sigfriedCrypto,,10,35,14,14,1,2,0,3,0,0,,
,little1985,,11,17,14,14,1,2,0,2,0,0,,
,Pain,,6,28,14,14,1,2,0,2,0,0,,
,ÁôΩ‰πåÈ∏¶,,12,29,14,14,1,2,0,2,0,0,,
,dalahad,,11,14,14,14,1,2,0,2,0,0,,
,FriendlySpy,,8,17,14,14,1,2,0,2,0,0,,
,–°–û–õ–ê–†-–ú–ö–î,,11,17,14,14,1,2,0,2,0,0,,
,xanndex,,1,30,23,13,2,1,0,2,0,0,,
,baraboshka,,1,20,20,13,2,1,0,1,0,0,,
,Pstrong99,,3,25,17,13,2,1,0,1,0,0,,
,Hioga,,1,17,17,13,2,1,0,1,0,0,,
,magic1993,,1,20,16,13,2,1,0,1,0,0,,
,Sir_Nautheim,,1,16,16,13,2,1,0,1,0,0,,
,nerd2188,,1,19,16,13,2,1,0,1,0,0,,
,tetezinha,,1,24,16,13,2,1,0,1,0,0,,
,ElPatron,,1,15,15,13,2,1,0,1,0,0,,
,Motortor,,1,17,15,13,2,1,0,1,0,0,,
,optimism101,,3,15,15,13,2,1,0,1,0,0,,
,popeichwald,,1,18,15,13,2,1,0,1,0,0,,
,Meditate_More,,2,20,15,13,2,1,0,1,0,0,,
,Doxrain,,1,24,14,13,2,1,0,1,0,0,,
,Nbecerril53o,,4,20,14,13,2,1,0,1,0,0,,
,Dmitry_Jma,,1,14,14,13,2,1,0,1,0,0,,
,Brathering,,2,19,14,13,2,1,0,1,0,0,,
,BlackMagic,,8,19,13,13,2,1,0,1,0,0,,
,Herodot20,,5,13,13,13,2,1,0,1,0,0,,
,RedRuggles5,,8,23,13,13,2,1,0,1,0,0,,
,Puspin,,6,31,13,13,2,1,0,2,0,0,,
,oldemate,,4,13,13,13,2,1,0,1,0,0,,
,Toad Smoke,,1,23,13,13,2,1,0,1,0,0,,
,RoMkA737,,1,16,13,13,2,1,0,1,0,0,,
,PatrickG,,12,13,13,13,2,1,0,1,0,0,,
,Damaged Gadget,,9,14,13,13,2,1,0,1,0,0,,
,zur_rama111,,5,31,13,13,2,1,0,2,0,0,,
,adal111,,3,41,13,13,2,1,0,2,0,0,,
,Epic,,2,13,13,13,2,1,0,1,0,0,,
,ƒõƒùƒù∆ë∆°∆°∆¥∆°≈Ø≈àƒù,,10,30,13,13,2,1,0,2,0,0,,
,Returner,,10,31,13,13,2,1,0,2,0,0,,
,Lewnatic,,8,23,13,13,2,1,0,1,0,0,,
,Kyuhisan,,1,13,13,13,2,1,0,1,0,0,,
,Saint777,,7,34,13,13,2,1,0,2,0,0,,
,„ÅäÈáëÁå´,,12,13,13,13,2,1,0,1,0,0,,
,rob31rob31,,7,14,13,13,2,1,0,1,0,0,,
,matt690,,7,13,13,13,2,1,0,1,0,0,,
,È¶¨Èπø„Åò„ÇÉ„Å™„ÅÑ,,11,13,13,13,2,1,0,1,0,0,,
,NoT TodaY,,10,45,13,13,2,1,0,2,0,0,,
,DPRoberts99,,7,16,13,13,2,1,0,1,0,0,,
,sadisteck,,10,13,13,13,2,1,0,1,0,0,,
,PaxMagnus,,9,30,13,13,2,1,0,2,0,0,,
,jaswaleska,,6,13,13,13,2,1,0,1,0,0,,
,spacepirate,,10,16,13,13,2,1,0,1,0,0,,
,Strikeroff,,9,18,13,13,2,1,0,1,0,0,,
,channnnn,,9,30,13,13,2,1,0,2,0,0,,
,fice,,9,13,13,13,2,1,0,1,0,0,,
,Diman007,,7,15,13,13,2,1,0,1,0,0,,
,Afronizer,,5,47,13,13,2,1,0,2,0,0,,
,hERoIC15397,,11,35,13,13,2,1,0,2,0,0,,
,imslo,,12,19,13,13,2,1,0,1,0,0,,
,USP12345,,6,25,13,13,2,1,0,1,0,0,,
,[Mythic] VVH,,12,13,13,13,2,1,0,1,0,0,,
,entling,,1,32,13,13,2,1,0,2,0,0,,
,LordDarktempler,,12,33,13,13,2,1,0,2,0,0,,
,mattyesq,,10,30,13,13,2,1,0,2,0,0,,
,smirnawf,,9,15,13,13,2,1,0,1,0,0,,
,PCoq,,11,29,13,13,2,1,0,1,0,0,,
,Kaashuni,,8,13,13,13,2,1,0,1,0,0,,
,dezilver,,11,15,13,13,2,1,0,1,0,0,,
,Justinkase,,8,43,13,13,2,1,0,2,0,0,,
,Properkid,,1,16,13,13,2,1,0,1,0,0,,
,Berezovysok,,6,21,12,12,2,1,0,1,0,0,,
,mydogzeus,,11,18,12,12,2,1,0,1,0,0,,
,densdensdens,,9,12,12,12,2,1,0,1,0,0,,
,LaughinGhost,,7,21,12,12,2,1,0,1,0,0,,
,HeresYourTollTroll,,8,15,12,12,2,1,0,1,0,0,,
,idncrypto67,,1,28,12,12,2,1,0,1,0,0,,
,popovanton89,,12,34,12,12,2,1,0,2,0,0,,
,wic3x5,,9,15,12,12,2,1,0,1,0,0,,
,Konohime,,7,12,12,12,2,1,0,1,0,0,,
,arisho,,9,25,12,12,2,1,0,1,0,0,,
,Tru+hSe3ker,,12,15,12,12,2,1,0,1,0,0,,
,777mihman777,,10,34,12,12,2,1,0,2,0,0,,
,furryballs,,7,12,12,12,2,1,0,1,0,0,,
,Koyaanisqatsi,,7,17,12,12,2,1,0,1,0,0,,
,Drummerboyj,,9,24,12,12,2,1,0,1,0,0,,
,Fastkill,,7,12,12,12,2,1,0,1,0,0,,
,DisgustingHuman,,10,25,12,12,2,1,0,1,0,0,,
,slivenec,,9,17,12,12,2,1,0,1,0,0,,
,LCHammer,,12,12,12,12,2,1,0,1,0,0,,
,Dave,,10,12,12,12,2,1,0,1,0,0,,
,spoonza904,,1,22,12,12,2,1,0,1,0,0,,
,manfromfire,,5,13,12,12,2,1,0,1,0,0,,
,[Pulse] Aldoc,,12,12,12,12,2,1,0,1,0,0,,
,colliseum,,9,12,12,12,2,1,0,1,0,0,,
,crusty jane,,6,12,12,12,2,1,0,1,0,0,,
,FaZeHammerCurls,,7,12,12,12,2,1,0,1,0,0,,
,serthan,,7,18,12,12,2,1,0,1,0,0,,
,Noice,,10,12,12,12,2,1,0,1,0,0,,
,Sink,,5,18,12,12,2,1,0,1,0,0,,
,DaCatzMeow,,9,39,12,12,2,1,0,2,0,0,,
,‚ò∫,,8,59,12,12,2,1,0,2,0,0,,
,reddybear,,12,12,12,12,2,1,0,1,0,0,,
,Gsimple2000,,4,13,12,12,2,1,0,1,0,0,,
,paprikman,,1,12,12,12,2,1,0,1,0,0,,
,Eltukko21,,8,17,12,12,2,1,0,1,0,0,,
,energy dorink,,9,12,12,12,2,1,0,1,0,0,,
,ReportMe,,8,14,12,12,2,1,0,1,0,0,,
,Stumpjumper,,4,12,12,12,2,1,0,1,0,0,,
,Odin,,12,12,12,12,2,1,0,1,0,0,,
,pauk6666,,6,42,12,12,2,1,0,2,0,0,,
,MAC,,6,16,12,12,2,1,0,1,0,0,,
,dad,,7,12,12,12,2,1,0,1,0,0,,
,mayablock,,8,21,12,12,2,1,0,1,0,0,,
,TooEasy,,12,12,12,12,2,1,0,1,0,0,,
,AdventureStory,,5,15,12,12,2,1,0,1,0,0,,
,albtraummonster,,7,12,12,12,2,1,0,1,0,0,,
,r3hab,,12,32,12,12,2,1,0,2,0,0,,
,xcoil,,12,22,12,12,2,1,0,1,0,0,,
,Masha H2,,6,12,12,12,2,1,0,1,0,0,,
,CryptoJesse,,6,18,12,12,2,1,0,1,0,0,,
,‰∏âÊó•Êúà,,12,12,12,12,2,1,0,1,0,0,,
,Demolisher,,11,30,11,11,2,1,0,2,0,0,,
,gerundio,,9,17,11,11,2,1,0,1,0,0,,
,John Macafee,,8,11,11,11,2,1,0,1,0,0,,
,noteboom,,12,11,11,11,2,1,0,1,0,0,,
,ZAFARI,,12,16,11,11,2,1,0,1,0,0,,
,roytutu,,12,39,11,11,2,1,0,2,0,0,,
,AwesomeSparkly,,5,12,11,11,2,1,0,1,0,0,,
,Zorongo,,6,11,11,11,2,1,0,1,0,0,,
,ValBelair,,7,11,11,11,2,1,0,1,0,0,,
,doudou2201,,10,43,11,11,2,1,0,2,0,0,,
,D_Vitiate,,11,16,11,11,2,1,0,1,0,0,,
,Cedric008,,10,11,11,11,2,1,0,1,0,0,,
,Gypo,,7,11,11,11,2,1,0,1,0,0,,
,DthRevan,,8,11,11,11,2,1,0,1,0,0,,
,Yaratsu,,8,11,11,11,2,1,0,1,0,0,,
,Apathy_217,,3,11,11,11,2,1,0,1,0,0,,
,force_of_nature,,10,17,11,11,2,1,0,1,0,0,,
,twisterdw,,8,23,11,11,2,1,0,1,0,0,,
,Yanicroft,,4,11,11,11,2,1,0,1,0,0,,
,[Pulse] v2,,12,14,11,11,2,1,0,1,0,0,,
,COiNNOiSSEUR,,9,18,11,11,2,1,0,1,0,0,,
,Zalogoff1980,,3,11,11,11,2,1,0,1,0,0,,
,gantarisa,,8,11,11,11,2,1,0,1,0,0,,
,XSITE,,10,33,11,11,2,1,0,2,0,0,,
,$,,8,57,11,11,2,1,0,2,0,0,,
,Vany,,12,11,11,11,2,1,0,1,0,0,,
,ulcus,,8,11,11,11,2,1,0,1,0,0,,
,Snottysnake,,9,11,11,11,2,1,0,1,0,0,,
,isaacfufu,,8,11,11,11,2,1,0,1,0,0,,
,Glimer421,,1,11,11,11,2,1,0,1,0,0,,
,MyReligion,,9,13,11,11,2,1,0,1,0,0,,
,Ninjaturtle,,8,16,11,11,2,1,0,1,0,0,,
,CrazyShaman,,6,11,11,11,2,1,0,1,0,0,,
,intacrypt,,6,22,11,11,2,1,0,1,0,0,,
,Dimas_XT,,7,13,11,11,2,1,0,1,0,0,,
,VIZI,,8,11,11,11,2,1,0,1,0,0,,
,Utar Vicar of Pebbles,,6,11,11,11,2,1,0,1,0,0,,
,Dancing_shep,,9,11,11,11,2,1,0,1,0,0,,
,Danbog,,8,12,11,11,2,1,0,1,0,0,,
,PHadzhiev,,9,11,11,11,2,1,0,1,0,0,,
,Makakka,,9,19,11,11,2,1,0,1,0,0,,
,VladTheGod,,5,19,11,11,2,1,0,1,0,0,,
,MaestroGR,,8,10,10,10,3,0,0,0,0,0,,
,abbyluuu,,5,10,10,10,3,0,0,0,0,0,,
,Leidenfrost,,8,21,10,10,3,0,0,0,0,0,,
,Nanich,,8,10,10,10,3,0,0,0,0,0,,
,darkbluechain,,10,20,10,10,3,0,0,0,0,0,,
,SteelRat,,11,13,10,10,3,0,0,0,0,0,,
,Fiofan,,11,11,10,10,3,0,0,0,0,0,,
,mzob,,7,16,10,10,3,0,0,0,0,0,,
,angrygnat,,8,30,10,10,3,0,0,1,0,0,,
,Rievserg,,8,11,10,10,3,0,0,0,0,0,,
,cmosc89,,6,10,10,10,3,0,0,0,0,0,,
,SheNut,,5,10,10,10,3,0,0,0,0,0,,
,sargecasey,,10,12,10,10,3,0,0,0,0,0,,
,Yostari,,11,20,10,10,3,0,0,0,0,0,,
,Beacze,,8,30,10,10,3,0,0,1,0,0,,
,Slye,,10,11,10,10,3,0,0,0,0,0,,
,sensebe,,10,67,10,10,3,0,0,1,0,0,,
,Ô∫¥Ô∫∂Ôªà,,10,23,10,10,3,0,0,0,0,0,,
,‚Öã,,3,14,10,10,3,0,0,0,0,0,,
,Roberto23,,6,10,10,10,3,0,0,0,0,0,,
,apix3222,,7,22,10,10,3,0,0,0,0,0,,
,BancoDeCrypto,,6,12,10,10,3,0,0,0,0,0,,
,King_Liamidas,,6,10,10,10,3,0,0,0,0,0,,
,Salernik,,11,10,10,10,3,0,0,0,0,0,,
,TheHassy,,12,15,10,10,3,0,0,0,0,0,,
,Goder,,7,12,10,10,3,0,0,0,0,0,,
,Akiro,,1,13,10,10,3,0,0,0,0,0,,
,Pidda1994,,11,10,10,10,3,0,0,0,0,0,,
,bouncetree,,1,16,10,10,3,0,0,0,0,0,,
,coinage,,9,18,10,10,3,0,0,0,0,0,,
,goldemon,,7,10,10,10,3,0,0,0,0,0,,
,Regulus86,,6,18,10,10,3,0,0,0,0,0,,
,robotdeniro,,7,15,10,10,3,0,0,0,0,0,,
,Yurecsuper,,8,10,10,10,3,0,0,0,0,0,,
,theboogyman,,8,10,10,10,3,0,0,0,0,0,,
,Nyktimen√©,,7,10,10,10,3,0,0,0,0,0,,
,AAMaster55,,1,10,10,10,3,0,0,0,0,0,,
,Roha1111,,1,21,10,10,3,0,0,0,0,0,,
,quancej,,5,24,9,9,3,0,0,0,0,0,,
,crypto-lite91,,11,66,9,9,3,0,0,1,0,0,,
,Tommy-Shelby,,9,9,9,9,3,0,0,0,0,0,,
,Jahura_Banu,,5,36,9,9,3,0,0,1,0,0,,
,Cryptolemon,,12,9,9,9,3,0,0,0,0,0,,
,Jdeluxe,,7,9,9,9,3,0,0,0,0,0,,
,SHINZON,,7,9,9,9,3,0,0,0,0,0,,
,GodMode,,8,27,9,9,3,0,0,0,0,0,,
,Dactar,,11,9,9,9,3,0,0,0,0,0,,
,kybikys85,,1,9,9,9,3,0,0,0,0,0,,
,superslim,,12,9,9,9,3,0,0,0,0,0,,
,AngryLookingGuy,,5,10,9,9,3,0,0,0,0,0,,
,snak3.eth,,3,15,9,9,3,0,0,0,0,0,,
,Xiato,,7,9,9,9,3,0,0,0,0,0,,
,Biggz0522,,8,11,9,9,3,0,0,0,0,0,,
,Tribone,,7,9,9,9,3,0,0,0,0,0,,
,Ultra-Ice,,3,11,9,9,3,0,0,0,0,0,,
,Archangel1318,,12,9,9,9,3,0,0,0,0,0,,
,JohnConner,,3,9,9,9,3,0,0,0,0,0,,
,Cerberus,,7,9,9,9,3,0,0,0,0,0,,
,pornhub,,12,28,9,9,3,0,0,0,0,0,,
,iluvsheep,,8,9,9,9,3,0,0,0,0,0,,
,JM_Borg_,,1,9,9,9,3,0,0,0,0,0,,
,ThotHtheAtlanteaN,,8,9,9,9,3,0,0,0,0,0,,
,Khazrakh,,12,9,9,9,3,0,0,0,0,0,,
,Angel_RS,,1,9,9,9,3,0,0,0,0,0,,
,Tiannizu,,1,22,9,9,3,0,0,0,0,0,,
,Intergalactic,,9,35,9,9,3,0,0,1,0,0,,
,AnusMundi,,9,9,9,9,3,0,0,0,0,0,,
,chilltown,,8,9,9,9,3,0,0,0,0,0,,
,someonesomeone,,12,14,9,9,3,0,0,0,0,0,,
,cicada,,10,40,9,9,3,0,0,1,0,0,,
,strange,,6,17,9,9,3,0,0,0,0,0,,
,iflion,,9,9,9,9,3,0,0,0,0,0,,
,Omegafenix,,8,9,9,9,3,0,0,0,0,0,,
,Mice Elf,,7,13,9,9,3,0,0,0,0,0,,
,noicetomeetya,,4,9,9,9,3,0,0,0,0,0,,
,Andantino,,11,9,9,9,3,0,0,0,0,0,,
,Acecompac,,8,22,9,9,3,0,0,0,0,0,,
,iantrebeljahr,,7,9,9,9,3,0,0,0,0,0,,
,blondin,,2,23,9,9,3,0,0,0,0,0,,
,t0w,,9,9,9,9,3,0,0,0,0,0,,
,Lucky112N,,5,9,9,9,3,0,0,0,0,0,,
,Elfo Strego,,1,11,9,9,3,0,0,0,0,0,,
,cesarmorles,,6,22,9,9,3,0,0,0,0,0,,
,Des Petrovich,,7,9,9,9,3,0,0,0,0,0,,
,Chain0tater,,6,26,9,9,3,0,0,0,0,0,,
,Deil713009,,4,23,9,9,3,0,0,0,0,0,,
,KhanVovan,,6,8,8,8,3,0,0,0,0,0,,
,DeHenne,,9,16,8,8,3,0,0,0,0,0,,
,vladyser5554,,7,8,8,8,3,0,0,0,0,0,,
,maelstrom4880,,6,8,8,8,3,0,0,0,0,0,,
,WhiteWhale,,6,40,8,8,3,0,0,1,0,0,,
,Valhalla,,8,14,8,8,3,0,0,0,0,0,,
,a29654776,,9,30,8,8,3,0,0,1,0,0,,
,Kietelaar,,7,8,8,8,3,0,0,0,0,0,,
,Denker,,12,8,8,8,3,0,0,0,0,0,,
,Lord of Crypto,,8,8,8,8,3,0,0,0,0,0,,
,stachu,,8,8,8,8,3,0,0,0,0,0,,
,WildCard0341,,8,8,8,8,3,0,0,0,0,0,,
,grille67,,6,16,8,8,3,0,0,0,0,0,,
,console,,5,8,8,8,3,0,0,0,0,0,,
,imbiimbi,,9,36,8,8,3,0,0,1,0,0,,
,domvoj01,,1,41,8,8,3,0,0,1,0,0,,
,DeusEM,,10,8,8,8,3,0,0,0,0,0,,
,Babooshka,,4,8,8,8,3,0,0,0,0,0,,
,Kodes.au,,6,21,8,8,3,0,0,0,0,0,,
,trollshock,,9,8,8,8,3,0,0,0,0,0,,
,Stake Hunter,,8,27,8,8,3,0,0,0,0,0,,
,~o0GiN0o~,,8,8,8,8,3,0,0,0,0,0,,
,Lezuziusz,,12,8,8,8,3,0,0,0,0,0,,
,polter.pommes,,3,8,8,8,3,0,0,0,0,0,,
,Sir Ike Moesha Broflovski,,10,39,8,8,3,0,0,1,0,0,,
,Deep,,11,8,8,8,3,0,0,0,0,0,,
,jcsc1989,,8,8,8,8,3,0,0,0,0,0,,
,ferzspb,,10,9,8,8,3,0,0,0,0,0,,
,saphst4r,,10,8,8,8,3,0,0,0,0,0,,
,[Mythic] saints,,12,8,8,8,3,0,0,0,0,0,,
,HaruhiSuzumiya,,10,23,8,8,3,0,0,0,0,0,,
,teawaterwire,,5,8,8,8,3,0,0,0,0,0,,
,EricShawn,,11,9,8,8,3,0,0,0,0,0,,
,Doompig,,1,8,8,8,3,0,0,0,0,0,,
,Odaja,,9,12,8,8,3,0,0,0,0,0,,
,Woden,,11,12,8,8,3,0,0,0,0,0,,
,Superpassteque,,1,8,8,8,3,0,0,0,0,0,,
,spaceinvader,,9,8,8,8,3,0,0,0,0,0,,
,hiroppy,,8,8,8,8,3,0,0,0,0,0,,
,Shinjiz,,7,8,8,8,3,0,0,0,0,0,,
,rare,,10,8,8,8,3,0,0,0,0,0,,
,gabrielhagard,,5,8,8,8,3,0,0,0,0,0,,
,PeakABoo,,12,8,8,8,3,0,0,0,0,0,,
,kentsutse,,6,10,8,8,3,0,0,0,0,0,,
,Mel0n102,,9,8,8,8,3,0,0,0,0,0,,
,czjmaster,,1,7,7,7,2,0,0,0,0,0,,
,TheUnknown,,8,7,7,7,2,0,0,0,0,0,,
,radi,,11,7,7,7,2,0,0,0,0,0,,
,TradingSocks,,5,30,7,7,2,0,0,1,0,0,,
,gecheverria86,,8,7,7,7,2,0,0,0,0,0,,
,maovader888,,7,11,7,7,2,0,0,0,0,0,,
,Sergey26905,,5,7,7,7,2,0,0,0,0,0,,
,skabber,,10,7,7,7,2,0,0,0,0,0,,
,Cryptotastic,,12,7,7,7,2,0,0,0,0,0,,
,superman313,,11,21,7,7,2,0,0,0,0,0,,
,Hastal Havista,,6,7,7,7,2,0,0,0,0,0,,
,Cerne,,12,7,7,7,2,0,0,0,0,0,,
,LegndRicky,,9,7,7,7,2,0,0,0,0,0,,
,GazzaMine,,5,7,7,7,2,0,0,0,0,0,,
,Sergee25,,5,10,7,7,2,0,0,0,0,0,,
,WalkingToyto,,6,7,7,7,2,0,0,0,0,0,,
,davirozz,,5,7,7,7,2,0,0,0,0,0,,
,Lazaroth,,7,7,7,7,2,0,0,0,0,0,,
,Dasrauscht,,6,10,7,7,2,0,0,0,0,0,,
,Channel9,,4,7,7,7,2,0,0,0,0,0,,
,Ptothehyphen,,12,14,7,7,2,0,0,0,0,0,,
,freedom2020,,7,17,7,7,2,0,0,0,0,0,,
,Michellie420,,1,7,7,7,2,0,0,0,0,0,,
,Lifeboy,,12,7,7,7,2,0,0,0,0,0,,
,willtheitking,,3,7,7,7,2,0,0,0,0,0,,
,Treborsawi,,9,7,7,7,2,0,0,0,0,0,,
,Mr_*M*E*A*T*,,10,7,7,7,2,0,0,0,0,0,,
,Bumboklaat,,9,7,7,7,2,0,0,0,0,0,,
,Einswarden,,3,7,7,7,2,0,0,0,0,0,,
,trakzenator,,4,7,7,7,2,0,0,0,0,0,,
,Tafut Aga,,3,15,7,7,2,0,0,0,0,0,,
,z4tm99vr,,8,7,7,7,2,0,0,0,0,0,,
,GreyBear,,1,7,7,7,2,0,0,0,0,0,,
,karabas666,,10,7,7,7,2,0,0,0,0,0,,
,Niikov22,,3,7,7,7,2,0,0,0,0,0,,
,N0fx,,7,7,7,7,2,0,0,0,0,0,,
,PlinytheEther,,12,8,7,7,2,0,0,0,0,0,,
,‚õì‚õì‚õì,,12,37,7,7,2,0,0,1,0,0,,
,IAMZERG9,,5,7,7,7,2,0,0,0,0,0,,
,Sir_notAb0t,,9,7,7,7,2,0,0,0,0,0,,
,Starskreem,,1,6,6,6,2,0,0,0,0,0,,
,Oleg326756,,8,6,6,6,2,0,0,0,0,0,,
,Blackbird,,5,7,6,6,2,0,0,0,0,0,,
,DaoChemist,,7,6,6,6,2,0,0,0,0,0,,
,Glamlys,,8,6,6,6,2,0,0,0,0,0,,
,Zeleios,,9,6,6,6,2,0,0,0,0,0,,
,WizardWes,,6,6,6,6,2,0,0,0,0,0,,
,Bobmynobster,,4,6,6,6,2,0,0,0,0,0,,
,MariaGGF,,1,15,6,6,2,0,0,0,0,0,,
,turgor777,,6,6,6,6,2,0,0,0,0,0,,
,Xylo Spongium,,1,6,6,6,2,0,0,0,0,0,,
,Little_cuckoo,,9,6,6,6,2,0,0,0,0,0,,
,Hermes,,11,6,6,6,2,0,0,0,0,0,,
,Guldor,,1,6,6,6,2,0,0,0,0,0,,
,ZACHISNICE,,2,6,6,6,2,0,0,0,0,0,,
,‚ôú ‚ôù ‚ôû ‚ôü,,9,6,6,6,2,0,0,0,0,0,,
,Broken-lotus,,3,6,6,6,2,0,0,0,0,0,,
,Hanri555,,11,6,6,6,2,0,0,0,0,0,,
,fuck_all,,8,6,6,6,2,0,0,0,0,0,,
,julien,,7,6,6,6,2,0,0,0,0,0,,
,Oblongfitzoblong,,11,6,6,6,2,0,0,0,0,0,,
,.XXOTCXX.,,7,6,6,6,2,0,0,0,0,0,,
,emiliomorles,,8,6,6,6,2,0,0,0,0,0,,
,TheNotoriouszz,,9,6,6,6,2,0,0,0,0,0,,
,bang39,,11,6,6,6,2,0,0,0,0,0,,
,MekMirek,,6,6,6,6,2,0,0,0,0,0,,
,MustangKirby,,8,32,6,6,2,0,0,1,0,0,,
,den_plsk,,1,6,6,6,2,0,0,0,0,0,,
,Bitsavage,,7,6,6,6,2,0,0,0,0,0,,
,bricketti,,1,6,6,6,2,0,0,0,0,0,,
,crypto_bovine,,5,6,6,6,2,0,0,0,0,0,,
,Moneybags,,8,6,6,6,2,0,0,0,0,0,,
,Sandalwood,,5,6,5,5,2,0,0,0,0,0,,
,Bitcoin,,12,5,5,5,2,0,0,0,0,0,,
,Zephuros,,8,5,5,5,2,0,0,0,0,0,,
,vinnyp34,,6,5,5,5,2,0,0,0,0,0,,
,YetiDotETH,,11,5,5,5,2,0,0,0,0,0,,
,Taetae21,,2,5,5,5,2,0,0,0,0,0,,
,Jimmer,,12,5,5,5,2,0,0,0,0,0,,
,Gytareum,,9,5,5,5,2,0,0,0,0,0,,
,EtherKnight,,8,5,5,5,2,0,0,0,0,0,,
,GV,,2,5,5,5,2,0,0,0,0,0,,
,vadim1105,,1,5,5,5,2,0,0,0,0,0,,
,Guardian50,,1,5,5,5,2,0,0,0,0,0,,
,PeriodBloodMouthWash,,8,5,5,5,2,0,0,0,0,0,,
,blakyeltoro,,5,5,5,5,2,0,0,0,0,0,,
,Phenomenon,,7,5,5,5,2,0,0,0,0,0,,
,Mage Zyron,,9,5,5,5,2,0,0,0,0,0,,
,karlito636,,7,5,5,5,2,0,0,0,0,0,,
,Chiantia,,10,5,5,5,2,0,0,0,0,0,,
,ZhiBo,,4,5,5,5,2,0,0,0,0,0,,
,Tinuva88,,5,13,5,5,2,0,0,0,0,0,,
,Cananopie,,9,5,5,5,2,0,0,0,0,0,,
,skankhunt42,,8,5,5,5,2,0,0,0,0,0,,
,RiassGremory,,6,33,5,5,2,0,0,1,0,0,,
,Totemsh,,7,5,5,5,2,0,0,0,0,0,,
,Mahlzahn,,1,5,5,5,2,0,0,0,0,0,,
,Varick,,9,5,5,5,2,0,0,0,0,0,,
,quantumgamble,,12,45,5,5,2,0,0,1,0,0,,
,Ragnor8476,,7,7,5,5,2,0,0,0,0,0,,
,Avatar1188,,4,5,5,5,2,0,0,0,0,0,,
,concordman,,6,5,5,5,2,0,0,0,0,0,,
,Stoneward,,8,5,5,5,2,0,0,0,0,0,,
,blockchaingames.fun,,10,5,5,5,2,0,0,0,0,0,,
,Helga999,,8,5,5,5,2,0,0,0,0,0,,
,Wasper,,12,5,5,5,2,0,0,0,0,0,,
,KLMJ,,8,5,5,5,2,0,0,0,0,0,,
,BallNChained,,8,4,4,4,1,0,0,0,0,0,,
,romansito,,7,4,4,4,1,0,0,0,0,0,,
,pippodio,,9,4,4,4,1,0,0,0,0,0,,
,itzdevil,,1,4,4,4,1,0,0,0,0,0,,
,juliusnakamoto,,5,14,4,4,1,0,0,0,0,0,,
,toomey779,,7,4,4,4,1,0,0,0,0,0,,
,ltdan,,11,4,4,4,1,0,0,0,0,0,,
,Omen #MetaHash,,11,4,4,4,1,0,0,0,0,0,,
,catello78,,7,4,4,4,1,0,0,0,0,0,,
,marukaziri,,9,4,4,4,1,0,0,0,0,0,,
,memory,,6,4,4,4,1,0,0,0,0,0,,
,Acryos der Graue,,5,4,4,4,1,0,0,0,0,0,,
,coSMIX,,7,4,4,4,1,0,0,0,0,0,,
,BuidloBagins,,11,4,4,4,1,0,0,0,0,0,,
,tactics1,,8,4,4,4,1,0,0,0,0,0,,
,HungLikeHippo,,7,4,4,4,1,0,0,0,0,0,,
,sidais,,7,4,4,4,1,0,0,0,0,0,,
,tengchiang,,8,4,4,4,1,0,0,0,0,0,,
,PuzzleMazl,,8,4,4,4,1,0,0,0,0,0,,
,jcrypto,,4,4,4,4,1,0,0,0,0,0,,
,cockhand,,5,4,4,4,1,0,0,0,0,0,,
,TWRWMOMGU,,1,4,4,4,1,0,0,0,0,0,,
,masanari,,7,4,4,4,1,0,0,0,0,0,,
,ForlornHope,,7,4,4,4,1,0,0,0,0,0,,
,Ignacioarreses,,5,4,4,4,1,0,0,0,0,0,,
,TedTedBear,,1,4,4,4,1,0,0,0,0,0,,
,WilliamLee,,9,4,4,4,1,0,0,0,0,0,,
,V-Tep,,7,4,4,4,1,0,0,0,0,0,,
,santiagoha,,1,4,4,4,1,0,0,0,0,0,,
,AIDAN420,,7,4,4,4,1,0,0,0,0,0,,
,PeterD,,9,4,4,4,1,0,0,0,0,0,,
,ill_coin,,5,4,4,4,1,0,0,0,0,0,,
,DrippSinatra,,6,4,4,4,1,0,0,0,0,0,,
,Overlordtrial,,1,4,4,4,1,0,0,0,0,0,,
,CH1P7,,7,4,4,4,1,0,0,0,0,0,,
,Cre47iv3,,7,4,4,4,1,0,0,0,0,0,,
,MikeTyCrowe,,1,4,4,4,1,0,0,0,0,0,,
,oniru,,8,4,4,4,1,0,0,0,0,0,,
,DudeGuy420,,10,4,4,4,1,0,0,0,0,0,,
,filestorm,,1,4,4,4,1,0,0,0,0,0,,
,asil75,,5,4,4,4,1,0,0,0,0,0,,
,haneabelow,,4,4,4,4,1,0,0,0,0,0,,
,narres2252,,6,3,3,3,1,0,0,0,0,0,,
,Tdr46,,5,3,3,3,1,0,0,0,0,0,,
,BL4NKE7,,8,3,3,3,1,0,0,0,0,0,,
,reterical,,12,3,3,3,1,0,0,0,0,0,,
,Unique.Esprit,,10,3,3,3,1,0,0,0,0,0,,
,licefer3,,4,3,3,3,1,0,0,0,0,0,,
,LordTits,,10,3,3,3,1,0,0,0,0,0,,
,vanish,,2,3,3,3,1,0,0,0,0,0,,
,Beastlik3,,10,3,3,3,1,0,0,0,0,0,,
,kolia31802,,8,3,3,3,1,0,0,0,0,0,,
,Jojo4ever,,5,3,3,3,1,0,0,0,0,0,,
,Flohh82,,1,3,3,3,1,0,0,0,0,0,,
,justinj0305,,8,3,3,3,1,0,0,0,0,0,,
,plaakkon,,8,3,3,3,1,0,0,0,0,0,,
,AbbathGR,,7,3,3,3,1,0,0,0,0,0,,
,Byob75,,12,3,3,3,1,0,0,0,0,0,,
,Arerane–µ,,5,3,3,3,1,0,0,0,0,0,,
,Michael3,,10,3,3,3,1,0,0,0,0,0,,
,Puatinnor,,3,3,3,3,1,0,0,0,0,0,,
,YodaFett hates deception,,12,3,3,3,1,0,0,0,0,0,,
,HypnoGremlin,,5,3,3,3,1,0,0,0,0,0,,
,ProfessorBellBottom,,11,3,3,3,1,0,0,0,0,0,,
,onlys,,5,3,3,3,1,0,0,0,0,0,,
,Rvu_Vsem_Duplo,,8,3,3,3,1,0,0,0,0,0,,
,SpicoliAndreti,,7,3,3,3,1,0,0,0,0,0,,
,Wall_Of_Yawn,,1,3,3,3,1,0,0,0,0,0,,
,MarcheG,,5,12,3,3,1,0,0,0,0,0,,
,wilian9944,,7,3,3,3,1,0,0,0,0,0,,
,rex.regulus.rey,,7,3,3,3,1,0,0,0,0,0,,
,Rugdealer,,4,3,3,3,1,0,0,0,0,0,,
,p_blezee,,7,3,3,3,1,0,0,0,0,0,,
,Anaxamander,,8,3,3,3,1,0,0,0,0,0,,
,Headsnap,,7,3,3,3,1,0,0,0,0,0,,
,Azazell,,6,3,3,3,1,0,0,0,0,0,,
,CoolGer,,12,3,3,3,1,0,0,0,0,0,,
,Apoptoza,,7,3,3,3,1,0,0,0,0,0,,
,Poluekt,,11,3,3,3,1,0,0,0,0,0,,
,The7tard,,7,3,3,3,1,0,0,0,0,0,,
,Kokoyro1,,4,3,3,3,1,0,0,0,0,0,,
,Edgecaser,,8,3,3,3,1,0,0,0,0,0,,
,Nilceps-,,6,3,3,3,1,0,0,0,0,0,,
,Blockfisher,,6,3,3,3,1,0,0,0,0,0,,
,PrinceH,,8,3,3,3,1,0,0,0,0,0,,
,sebstar123,,6,3,3,3,1,0,0,0,0,0,,
,Raapst70,,6,3,3,3,1,0,0,0,0,0,,
,hakenbrowning,,1,3,3,3,1,0,0,0,0,0,,
,&,,8,3,3,3,1,0,0,0,0,0,,
,Master_Elliott,,4,3,3,3,1,0,0,0,0,0,,
,BlocksUnchained,,11,3,3,3,1,0,0,0,0,0,,
,Furolorrn,,2,3,3,3,1,0,0,0,0,0,,
,drchronic01,,12,3,3,3,1,0,0,0,0,0,,
,Prestoned,,1,3,3,3,1,0,0,0,0,0,,
,Gabriel,,9,3,3,3,1,0,0,0,0,0,,
,AddaxHD,,8,3,3,3,1,0,0,0,0,0,,
,playergu,,7,3,3,3,1,0,0,0,0,0,,
,–Ω–Ω,,8,3,3,3,1,0,0,0,0,0,,
,kingdavid,,8,3,3,3,1,0,0,0,0,0,,
,H1c0,,2,3,3,3,1,0,0,0,0,0,,
,Runglish,,5,3,3,3,1,0,0,0,0,0,,
,muhammad,,1,7,3,3,1,0,0,0,0,0,,
,ronink77,,1,3,3,3,1,0,0,0,0,0,,
,the.chief,,5,2,2,2,0,0,0,0,0,0,,
,nuclearmonk,,8,2,2,2,0,0,0,0,0,0,,
,eul0gy,,3,2,2,2,0,0,0,0,0,0,,
,Jelly2010,,7,2,2,2,0,0,0,0,0,0,,
,papalopodus,,7,2,2,2,0,0,0,0,0,0,,
,shock,,11,2,2,2,0,0,0,0,0,0,,
,TrapCard,,4,2,2,2,0,0,0,0,0,0,,
,lothendriel,,4,2,2,2,0,0,0,0,0,0,,
,CoOpMaster,,1,2,2,2,0,0,0,0,0,0,,
,gu.cards,,9,2,2,2,0,0,0,0,0,0,,
,Buggy,,10,2,2,2,0,0,0,0,0,0,,
,facugaba04,,1,2,2,2,0,0,0,0,0,0,,
,RasmusGrove,,8,2,2,2,0,0,0,0,0,0,,
,freakinblack,,1,2,2,2,0,0,0,0,0,0,,
,RdrFerreira,,4,3,2,2,0,0,0,0,0,0,,
,Crunaritti,,1,2,2,2,0,0,0,0,0,0,,
,Feddas,,12,2,2,2,0,0,0,0,0,0,,
,BLISS,,8,2,2,2,0,0,0,0,0,0,,
,Ajoka01,,3,2,2,2,0,0,0,0,0,0,,
,luffy1717,,1,2,2,2,0,0,0,0,0,0,,
,cybergrinder,,5,2,2,2,0,0,0,0,0,0,,
,VonMises,,11,2,2,2,0,0,0,0,0,0,,
,GamingWithCrypto,,4,2,2,2,0,0,0,0,0,0,,
,ForeverAverage,,9,2,2,2,0,0,0,0,0,0,,
,TerminatorFX,,4,2,2,2,0,0,0,0,0,0,,
,AbedIsBatman,,6,2,2,2,0,0,0,0,0,0,,
,Endo,,4,2,2,2,0,0,0,0,0,0,,
,Littles83,,1,2,2,2,0,0,0,0,0,0,,
,PlasticCarrot,,5,2,2,2,0,0,0,0,0,0,,
,Ben the Butcher,,1,2,2,2,0,0,0,0,0,0,,
,maragigayan,,9,2,2,2,0,0,0,0,0,0,,
,ManOPz818,,1,2,2,2,0,0,0,0,0,0,,
,fullerideas,,5,2,2,2,0,0,0,0,0,0,,
,Tinman,,10,2,2,2,0,0,0,0,0,0,,
,[Taiga] VOLK,,12,2,2,2,0,0,0,0,0,0,,
,Brassica7,,11,2,2,2,0,0,0,0,0,0,,
,ranab998,,6,2,2,2,0,0,0,0,0,0,,
,axordahaxor,,9,2,2,2,0,0,0,0,0,0,,
,andreaskanel,,8,2,2,2,0,0,0,0,0,0,,
,L3xxxxxx,,6,2,2,2,0,0,0,0,0,0,,
,shadowstep33,,7,2,2,2,0,0,0,0,0,0,,
,Tenebrae,,1,2,2,2,0,0,0,0,0,0,,
,Hret1337,,11,2,2,2,0,0,0,0,0,0,,
,dert1114,,6,2,2,2,0,0,0,0,0,0,,
,jetjockey,,8,2,2,2,0,0,0,0,0,0,,
,Acolyte,,3,2,2,2,0,0,0,0,0,0,,
,SpicySquid,,4,2,2,2,0,0,0,0,0,0,,
,Expired,,9,2,2,2,0,0,0,0,0,0,,
,sl1200mk5,,8,2,2,2,0,0,0,0,0,0,,
,SneezyDwarf,,8,2,2,2,0,0,0,0,0,0,,
,buburtboy,,1,2,2,2,0,0,0,0,0,0,,
,Montrix,,8,2,2,2,0,0,0,0,0,0,,
,Kappacino,,9,2,2,2,0,0,0,0,0,0,,
,Ezekiel,,6,2,2,2,0,0,0,0,0,0,,
,son_of_helga,,1,2,2,2,0,0,0,0,0,0,,
,sambaE11,,3,2,2,2,0,0,0,0,0,0,,
,Barbz,,7,2,2,2,0,0,0,0,0,0,,
,boussinus,,6,2,2,2,0,0,0,0,0,0,,
,Deadbeat,,3,3,2,2,0,0,0,0,0,0,,
,dedemon,,9,2,2,2,0,0,0,0,0,0,,
,Starvin,,12,2,2,2,0,0,0,0,0,0,,
,Syonidehyde1165,,7,2,2,2,0,0,0,0,0,0,,
,Farklemania,,9,2,2,2,0,0,0,0,0,0,,
,Ry4n,,8,2,2,2,0,0,0,0,0,0,,
,naynaysoosoo,,11,2,2,2,0,0,0,0,0,0,,
,dr-nuker,,6,2,2,2,0,0,0,0,0,0,,
,Ramzessi4,,1,1,1,1,0,0,0,0,0,0,,
,Rhylae,,10,1,1,1,0,0,0,0,0,0,,
,olexoiweb,,1,1,1,1,0,0,0,0,0,0,,
,Prikster,,7,1,1,1,0,0,0,0,0,0,,
,SirSpeck,,1,1,1,1,0,0,0,0,0,0,,
,Pwned_By_A_Girl,,9,1,1,1,0,0,0,0,0,0,,
,forest gate,,1,1,1,1,0,0,0,0,0,0,,
,futuremars051,,7,1,1,1,0,0,0,0,0,0,,
,Shockabuku,,5,1,1,1,0,0,0,0,0,0,,
,christian,,1,1,1,1,0,0,0,0,0,0,,
,SpaceCat,,8,1,1,1,0,0,0,0,0,0,,
,Ytregah619,,3,1,1,1,0,0,0,0,0,0,,
,bit_stan,,11,1,1,1,0,0,0,0,0,0,,
,doppiabeo,,6,1,1,1,0,0,0,0,0,0,,
,henningju,,9,1,1,1,0,0,0,0,0,0,,
,Quaradur,,1,1,1,1,0,0,0,0,0,0,,
,ibloirio,,1,1,1,1,0,0,0,0,0,0,,
,EdOnCouch,,8,1,1,1,0,0,0,0,0,0,,
,Grigolld,,5,1,1,1,0,0,0,0,0,0,,
,NIKOLAIII,,4,1,1,1,0,0,0,0,0,0,,
,1max112,,5,1,1,1,0,0,0,0,0,0,,
,ROBOB210,,3,1,1,1,0,0,0,0,0,0,,
,MSD,,3,1,1,1,0,0,0,0,0,0,,
,tonkytonks,,1,1,1,1,0,0,0,0,0,0,,
,Shades71,,1,1,1,1,0,0,0,0,0,0,,
,pls let me win im noob,,8,1,1,1,0,0,0,0,0,0,,
,Hellvent,,9,1,1,1,0,0,0,0,0,0,,
,SuperGeorge,,5,1,1,1,0,0,0,0,0,0,,
,Holdie21,,5,1,1,1,0,0,0,0,0,0,,
,Apexlion,,7,1,1,1,0,0,0,0,0,0,,
,kleber483,,5,1,1,1,0,0,0,0,0,0,,
,Helltroll,,1,1,1,1,0,0,0,0,0,0,,
,tronslon,,3,1,1,1,0,0,0,0,0,0,,
,MattyIce,,8,1,1,1,0,0,0,0,0,0,,
,poptartz4you,,7,1,1,1,0,0,0,0,0,0,,
,Âπª,,12,1,1,1,0,0,0,0,0,0,,
,AgentOrange,,12,1,1,1,0,0,0,0,0,0,,
,Snuffy,,9,1,1,1,0,0,0,0,0,0,,
,Staff Phyre,,3,1,1,1,0,0,0,0,0,0,,
,Kazimir1992,,8,1,1,1,0,0,0,0,0,0,,
,yatyatling,,3,1,1,1,0,0,0,0,0,0,,
,EHURRICANE,,3,1,1,1,0,0,0,0,0,0,,
,DashTheSquid,,1,1,1,1,0,0,0,0,0,0,,
,Foxtail,,6,1,1,1,0,0,0,0,0,0,,
,ArrkinPrimis,,6,1,1,1,0,0,0,0,0,0,,
,_fireartist,,9,1,1,1,0,0,0,0,0,0,,
,shadowkill{599],,4,1,1,1,0,0,0,0,0,0,,
,Yell,,7,1,1,1,0,0,0,0,0,0,,
,Kraken Zer0,,7,1,1,1,0,0,0,0,0,0,,
,bobcryptolover,,6,1,1,1,0,0,0,0,0,0,,
,zygeL,,5,1,1,1,0,0,0,0,0,0,,
,pablow,,6,1,1,1,0,0,0,0,0,0,,
,6theskull6smasher6,,1,1,1,1,0,0,0,0,0,0,,
,GL1TCH,,9,1,1,1,0,0,0,0,0,0,,
,MrEagle,,4,1,1,1,0,0,0,0,0,0,,
,Manigoldo,,6,1,1,1,0,0,0,0,0,0,,
,stuungar,,1,1,1,1,0,0,0,0,0,0,,
,Chamil,,9,1,1,1,0,0,0,0,0,0,,
,majleestoned,,4,1,1,1,0,0,0,0,0,0,,
,Lloyd88!,,5,1,1,1,0,0,0,0,0,0,,
,EatUrLivers,,7,1,1,1,0,0,0,0,0,0,,
,Olymp,,6,1,1,1,0,0,0,0,0,0,,
,nmkenji,,5,1,1,1,0,0,0,0,0,0,,
,dnova,,2,1,1,1,0,0,0,0,0,0,,
,KairosMGW,,1,1,1,1,0,0,0,0,0,0,,
,KBRC3627,,7,1,1,1,0,0,0,0,0,0,,
,Silver_Coin,,5,1,1,1,0,0,0,0,0,0,,
,123234345,,5,1,1,1,0,0,0,0,0,0,,
,1234DKK4321,,1,1,1,1,0,0,0,0,0,0,,
,Stepuptotheplate2,,5,1,1,1,0,0,0,0,0,0,,
,F00LHardy,,2,1,1,1,0,0,0,0,0,0,,
,charthur,,3,1,1,1,0,0,0,0,0,0,,
,Hm47goat,,5,1,1,1,0,0,0,0,0,0,,
,RainyTurtle,,1,1,1,1,0,0,0,0,0,0,,
,jhon golden eggs,,1,1,1,1,0,0,0,0,0,0,,
,dE7ERV,,1,1,1,1,0,0,0,0,0,0,,
,Riddlept,,9,1,1,1,0,0,0,0,0,0,,
,fabblwaps,,1,1,1,1,0,0,0,0,0,0,,
,artMartialMyx,,8,1,1,1,0,0,0,0,0,0,,
,brendo97,,1,1,1,1,0,0,0,0,0,0,,
,DeCrypto,,1,1,1,1,0,0,0,0,0,0,,
,bushido,,6,1,1,1,0,0,0,0,0,0,,
,Andres,,4,1,1,1,0,0,0,0,0,0,,
,Jinimage,,6,1,1,1,0,0,0,0,0,0,,
,heroldius,,1,1,1,1,0,0,0,0,0,0,,
,neverytime,,8,1,1,1,0,0,0,0,0,0,,
,jellyroll,,7,1,1,1,0,0,0,0,0,0,,
,Marginal,,9,1,1,1,0,0,0,0,0,0,,
,AmericanIcarus,,10,1,1,1,0,0,0,0,0,0,,
,Digitt,,10,1,1,1,0,0,0,0,0,0,,
,nihao888,,10,1,1,1,0,0,0,0,0,0,,
,FSadinoX,,5,1,1,1,0,0,0,0,0,0,,
,ProtegeAA,,2,1,1,1,0,0,0,0,0,0,,
,LeeGon,,7,1,1,1,0,0,0,0,0,0,,
,MuffinMonkey,,8,1,1,1,0,0,0,0,0,0,,
,kigawakunto27,,12,2,1,1,0,0,0,0,0,0,,
,Allayom,,7,1,1,1,0,0,0,0,0,0,,
,Negil12345,,1,1,1,1,0,0,0,0,0,0,,
,Nevermind,,6,1,1,1,0,0,0,0,0,0,,
,foggybottom,,5,1,1,1,0,0,0,0,0,0,,
,Yurij,,9,1,1,1,0,0,0,0,0,0,,
,Bubbnubb,,2,1,1,1,0,0,0,0,0,0,,
,Keyci666,,1,1,1,1,0,0,0,0,0,0,,
,Airwin-apollo,,5,1,1,1,0,0,0,0,0,0,,
,cjmoles,,7,1,1,1,0,0,0,0,0,0,,
,finnfarid23,,3,1,1,1,0,0,0,0,0,0,,
,Schnauzerlover,,2,1,1,1,0,0,0,0,0,0,,
,LittleMeTime,,8,1,1,1,0,0,0,0,0,0,,
,Totomato2,,7,1,1,1,0,0,0,0,0,0,,